{
  "updated": "2026-02-03",
  "videos": [
    {
      "title": "AdventHealth is #1 for Tourists in Central Florida",
      "platform": "YouTube",
      "embedType": "youtube",
      "id": "F9vBPBxpbbc",
      "url": "https://www.youtube.com/watch?v=F9vBPBxpbbc",
      "statLabel": "2,136,455 views",
      "date": "2024-08-12",
      "tag": "Brand spot"
    },
    {
      "title": "AdventHealth \u2014 Central Florida's #1 Trusted ER",
      "platform": "YouTube",
      "embedType": "youtube",
      "id": "d1hjGt1DpyI",
      "url": "https://www.youtube.com/watch?v=d1hjGt1DpyI",
      "statLabel": "131,745 views",
      "date": "2024-02-27",
      "tag": "Brand spot"
    },
    {
      "title": "Celebrating the Human Spirit",
      "platform": "YouTube",
      "embedType": "youtube",
      "id": "PcUoNWI1ptU",
      "url": "https://www.youtube.com/watch?v=PcUoNWI1ptU",
      "statLabel": "8,189 views",
      "date": "2023-10-23",
      "tag": "Campaign"
    },
    {
      "title": "AdventHealth \u2014 Human Spirit (film)",
      "platform": "Vimeo",
      "embedType": "vimeo",
      "id": "411527012",
      "url": "https://vimeo.com/411527012",
      "statLabel": "Vimeo",
      "date": "",
      "tag": "Campaign film"
    }
  ],
  "proof": [
    {
      "title": "Shorty Impact Awards \u2014 AdventHealth x Disney: True Believers in the Human Spirit",
      "url": "https://shortyawards.com/10th-impact/bpd-adventhealth-disney-true-believers-in-the-human-spirit",
      "meta": "Impact metrics + media gallery",
      "tag": "Awards"
    },
    {
      "title": "Orlando ADDY Winners \u2014 AdventHealth The Human Spirit",
      "url": "https://www.orlandoaddys.com/winners/2024/winners/adventhealth-the-human-spirit/",
      "meta": "Silver award winner listing",
      "tag": "Awards"
    },
    {
      "title": "Ross Goldstein \u2014 The Place (Human Spirit campaign work)",
      "url": "https://rossgoldstein.net/the-place-adventhealth-human-spirit",
      "meta": "Creative breakdown + video cutdowns",
      "tag": "Creative"
    }
  ],
  "socialEmbeds": [
    {
      "title": "AdventHealth on Instagram",
      "platform": "Instagram",
      "embedType": "link",
      "url": "https://www.instagram.com/adventhealth/",
      "tag": "Social"
    },
    {
      "title": "AdventHealth on YouTube",
      "platform": "YouTube",
      "embedType": "link",
      "url": "https://www.youtube.com/@AdventHealth",
      "tag": "Video"
    },
    {
      "title": "AdventHealth on LinkedIn",
      "platform": "LinkedIn",
      "embedType": "link",
      "url": "https://www.linkedin.com/company/adventhealth/",
      "tag": "Social"
    },
    {
      "title": "AdventHealth on X",
      "platform": "X",
      "embedType": "link",
      "url": "https://x.com/AdventHealth",
      "tag": "Social"
    }
  ],
  "links": [
    {
      "type": "award",
      "title": "Shorty Impact Awards \u2014 Nonprofit Partnership (listing)",
      "description": "Category page includes BPD / AdventHealth / Walt Disney World Resort \u201cTrue Believers in the Human Spirit\u201d.",
      "url": "https://shortyawards.com/category/10th-impact/nonprofit-partnership",
      "source": "Shorty Impact Awards",
      "year": 2024
    },
    {
      "type": "press",
      "title": "The Place \u2014 AdventHealth Human Spirit Campaign (portfolio)",
      "description": "Creative breakdown with film cutdowns and OOH/print examples; references Silver Healthcare Ad Award.",
      "url": "https://rossgoldstein.net/the-place-adventhealth-human-spirit",
      "source": "RossGoldstein.net",
      "year": 2024
    },
    {
      "type": "social",
      "platform": "Instagram",
      "title": "AdventHealth on Instagram",
      "description": "Official Instagram profile.",
      "url": "https://www.instagram.com/adventhealth/",
      "label": "Instagram \u2022 @adventhealth"
    },
    {
      "type": "social",
      "platform": "YouTube",
      "title": "AdventHealth on YouTube",
      "description": "Official YouTube channel (brand spots + shorts).",
      "url": "https://www.youtube.com/@AdventHealth",
      "label": "YouTube \u2022 @AdventHealth"
    },
    {
      "type": "social",
      "platform": "LinkedIn",
      "title": "AdventHealth on LinkedIn",
      "description": "Company page + posts.",
      "url": "https://www.linkedin.com/company/adventhealth/",
      "label": "LinkedIn \u2022 Company page"
    },
    {
      "type": "social",
      "platform": "X",
      "title": "AdventHealth on X",
      "description": "Official X profile.",
      "url": "https://x.com/AdventHealth",
      "label": "X \u2022 @AdventHealth"
    }
  ]
}